ProductID,Name,ProductNumber,MakeFlag,FinishedGoodsFlag,SafetyStockLevel,ReorderPoint,StandardCost,ListPrice,DaysToManufacture,ProductLine,Class,Style,ProductSubcategoryID,ProductModelID,SellStartDate,SellEndDate,Profit,Profit Margin
1,Adjustable Race,AR-5381,False,False,1000,750,0.0,0.0,0,,,,,,2008-04-30,,0.0,
2,Bearing Ball,BA-8327,False,False,1000,750,0.0,0.0,0,,,,,,2008-04-30,,0.0,
3,BB Ball Bearing,BE-2349,True,False,800,600,0.0,0.0,1,,,,,,2008-04-30,,0.0,
4,Headset Ball Bearings,BE-2908,False,False,800,600,0.0,0.0,0,,,,,,2008-04-30,,0.0,
316,Blade,BL-2036,True,False,800,600,0.0,0.0,1,,,,,,2008-04-30,,0.0,
317,LL Crankarm,CA-5965,False,False,500,375,0.0,0.0,0,,L ,,,,2008-04-30,,0.0,
318,ML Crankarm,CA-6738,False,False,500,375,0.0,0.0,0,,M ,,,,2008-04-30,,0.0,
319,HL Crankarm,CA-7457,False,False,500,375,0.0,0.0,0,,,,,,2008-04-30,,0.0,
320,Chainring Bolts,CB-2903,False,False,1000,750,0.0,0.0,0,,,,,,2008-04-30,,0.0,
321,Chainring Nut,CN-6137,False,False,1000,750,0.0,0.0,0,,,,,,2008-04-30,,0.0,
322,Chainring,CR-7833,False,False,1000,750,0.0,0.0,0,,,,,,2008-04-30,,0.0,
323,Crown Race,CR-9981,False,False,1000,750,0.0,0.0,0,,,,,,2008-04-30,,0.0,
324,Chain Stays,CS-2812,True,False,1000,750,0.0,0.0,1,,,,,,2008-04-30,,0.0,
325,Decal 1,DC-8732,False,False,1000,750,0.0,0.0,0,,,,,,2008-04-30,,0.0,
326,Decal 2,DC-9824,False,False,1000,750,0.0,0.0,0,,,,,,2008-04-30,,0.0,
327,Down Tube,DT-2377,True,False,800,600,0.0,0.0,1,,,,,,2008-04-30,,0.0,
328,Mountain End Caps,EC-M092,True,False,1000,750,0.0,0.0,1,,,,,,2008-04-30,,0.0,
329,Road End Caps,EC-R098,True,False,1000,750,0.0,0.0,1,,,,,,2008-04-30,,0.0,
330,Touring End Caps,EC-T209,True,False,1000,750,0.0,0.0,1,,,,,,2008-04-30,,0.0,
331,Fork End,FE-3760,True,False,800,600,0.0,0.0,1,,,,,,2008-04-30,,0.0,
332,Freewheel,FH-2981,False,False,500,375,0.0,0.0,0,,,,,,2008-04-30,,0.0,
341,Flat Washer 1,FW-1000,False,False,1000,750,0.0,0.0,0,,,,,,2008-04-30,,0.0,
342,Flat Washer 6,FW-1200,False,False,1000,750,0.0,0.0,0,,,,,,2008-04-30,,0.0,
343,Flat Washer 2,FW-1400,False,False,1000,750,0.0,0.0,0,,,,,,2008-04-30,,0.0,
344,Flat Washer 9,FW-3400,False,False,1000,750,0.0,0.0,0,,,,,,2008-04-30,,0.0,
345,Flat Washer 4,FW-3800,False,False,1000,750,0.0,0.0,0,,,,,,2008-04-30,,0.0,
346,Flat Washer 3,FW-5160,False,False,1000,750,0.0,0.0,0,,,,,,2008-04-30,,0.0,
347,Flat Washer 8,FW-5800,False,False,1000,750,0.0,0.0,0,,,,,,2008-04-30,,0.0,
348,Flat Washer 5,FW-7160,False,False,1000,750,0.0,0.0,0,,,,,,2008-04-30,,0.0,
349,Flat Washer 7,FW-9160,False,False,1000,750,0.0,0.0,0,,,,,,2008-04-30,,0.0,
350,Fork Crown,FC-3654,True,False,800,600,0.0,0.0,1,,,,,,2008-04-30,,0.0,
351,Front Derailleur Cage,FC-3982,False,False,800,600,0.0,0.0,0,,,,,,2008-04-30,,0.0,
352,Front Derailleur Linkage,FL-2301,False,False,800,600,0.0,0.0,0,,,,,,2008-04-30,,0.0,
355,Guide Pulley,GP-0982,False,False,800,600,0.0,0.0,0,,,,,,2008-04-30,,0.0,
356,LL Grip Tape,GT-0820,False,False,800,600,0.0,0.0,0,,L ,,,,2008-04-30,,0.0,
357,ML Grip Tape,GT-1209,False,False,800,600,0.0,0.0,0,,M ,,,,2008-04-30,,0.0,
358,HL Grip Tape,GT-2908,False,False,800,600,0.0,0.0,0,,,,,,2008-04-30,,0.0,
359,Thin-Jam Hex Nut 9,HJ-1213,False,False,1000,750,0.0,0.0,0,,,,,,2008-04-30,,0.0,
360,Thin-Jam Hex Nut 10,HJ-1220,False,False,1000,750,0.0,0.0,0,,,,,,2008-04-30,,0.0,
361,Thin-Jam Hex Nut 1,HJ-1420,False,False,1000,750,0.0,0.0,0,,,,,,2008-04-30,,0.0,
362,Thin-Jam Hex Nut 2,HJ-1428,False,False,1000,750,0.0,0.0,0,,,,,,2008-04-30,,0.0,
363,Thin-Jam Hex Nut 15,HJ-3410,False,False,1000,750,0.0,0.0,0,,,,,,2008-04-30,,0.0,
364,Thin-Jam Hex Nut 16,HJ-3416,False,False,1000,750,0.0,0.0,0,,,,,,2008-04-30,,0.0,
365,Thin-Jam Hex Nut 5,HJ-3816,False,False,1000,750,0.0,0.0,0,,,,,,2008-04-30,,0.0,
366,Thin-Jam Hex Nut 6,HJ-3824,False,False,1000,750,0.0,0.0,0,,,,,,2008-04-30,,0.0,
367,Thin-Jam Hex Nut 3,HJ-5161,False,False,1000,750,0.0,0.0,0,,,,,,2008-04-30,,0.0,
368,Thin-Jam Hex Nut 4,HJ-5162,False,False,1000,750,0.0,0.0,0,,,,,,2008-04-30,,0.0,
369,Thin-Jam Hex Nut 13,HJ-5811,False,False,1000,750,0.0,0.0,0,,,,,,2008-04-30,,0.0,
370,Thin-Jam Hex Nut 14,HJ-5818,False,False,1000,750,0.0,0.0,0,,,,,,2008-04-30,,0.0,
371,Thin-Jam Hex Nut 7,HJ-7161,False,False,1000,750,0.0,0.0,0,,,,,,2008-04-30,,0.0,
372,Thin-Jam Hex Nut 8,HJ-7162,False,False,1000,750,0.0,0.0,0,,,,,,2008-04-30,,0.0,
373,Thin-Jam Hex Nut 12,HJ-9080,False,False,1000,750,0.0,0.0,0,,,,,,2008-04-30,,0.0,
374,Thin-Jam Hex Nut 11,HJ-9161,False,False,1000,750,0.0,0.0,0,,,,,,2008-04-30,,0.0,
375,Hex Nut 5,HN-1024,False,False,1000,750,0.0,0.0,0,,,,,,2008-04-30,,0.0,
376,Hex Nut 6,HN-1032,False,False,1000,750,0.0,0.0,0,,,,,,2008-04-30,,0.0,
377,Hex Nut 16,HN-1213,False,False,1000,750,0.0,0.0,0,,,,,,2008-04-30,,0.0,
378,Hex Nut 17,HN-1220,False,False,1000,750,0.0,0.0,0,,,,,,2008-04-30,,0.0,
379,Hex Nut 7,HN-1224,False,False,1000,750,0.0,0.0,0,,,,,,2008-04-30,,0.0,
380,Hex Nut 8,HN-1420,False,False,1000,750,0.0,0.0,0,,,,,,2008-04-30,,0.0,
381,Hex Nut 9,HN-1428,False,False,1000,750,0.0,0.0,0,,,,,,2008-04-30,,0.0,
382,Hex Nut 22,HN-3410,False,False,1000,750,0.0,0.0,0,,,,,,2008-04-30,,0.0,
383,Hex Nut 23,HN-3416,False,False,1000,750,0.0,0.0,0,,,,,,2008-04-30,,0.0,
384,Hex Nut 12,HN-3816,False,False,1000,750,0.0,0.0,0,,,,,,2008-04-30,,0.0,
385,Hex Nut 13,HN-3824,False,False,1000,750,0.0,0.0,0,,,,,,2008-04-30,,0.0,
386,Hex Nut 1,HN-4402,False,False,1000,750,0.0,0.0,0,,,,,,2008-04-30,,0.0,
387,Hex Nut 10,HN-5161,False,False,1000,750,0.0,0.0,0,,,,,,2008-04-30,,0.0,
388,Hex Nut 11,HN-5162,False,False,1000,750,0.0,0.0,0,,,,,,2008-04-30,,0.0,
389,Hex Nut 2,HN-5400,False,False,1000,750,0.0,0.0,0,,,,,,2008-04-30,,0.0,
390,Hex Nut 20,HN-5811,False,False,1000,750,0.0,0.0,0,,,,,,2008-04-30,,0.0,
391,Hex Nut 21,HN-5818,False,False,1000,750,0.0,0.0,0,,,,,,2008-04-30,,0.0,
392,Hex Nut 3,HN-6320,False,False,1000,750,0.0,0.0,0,,,,,,2008-04-30,,0.0,
393,Hex Nut 14,HN-7161,False,False,1000,750,0.0,0.0,0,,,,,,2008-04-30,,0.0,
394,Hex Nut 15,HN-7162,False,False,1000,750,0.0,0.0,0,,,,,,2008-04-30,,0.0,
395,Hex Nut 4,HN-8320,False,False,1000,750,0.0,0.0,0,,,,,,2008-04-30,,0.0,
396,Hex Nut 18,HN-9161,False,False,1000,750,0.0,0.0,0,,,,,,2008-04-30,,0.0,
397,Hex Nut 19,HN-9168,False,False,1000,750,0.0,0.0,0,,,,,,2008-04-30,,0.0,
398,Handlebar Tube,HT-2981,True,False,800,600,0.0,0.0,1,,,,,,2008-04-30,,0.0,
399,Head Tube,HT-8019,True,False,800,600,0.0,0.0,1,,,,,,2008-04-30,,0.0,
400,LL Hub,HU-6280,True,False,500,375,0.0,0.0,1,,L ,,,,2008-04-30,,0.0,
401,HL Hub,HU-8998,True,False,500,375,0.0,0.0,1,,,,,,2008-04-30,,0.0,
402,Keyed Washer,KW-4091,False,False,1000,750,0.0,0.0,0,,,,,,2008-04-30,,0.0,
403,External Lock Washer 3,LE-1000,False,False,1000,750,0.0,0.0,0,,,,,,2008-04-30,,0.0,
404,External Lock Washer 4,LE-1200,False,False,1000,750,0.0,0.0,0,,,,,,2008-04-30,,0.0,
405,External Lock Washer 9,LE-1201,False,False,1000,750,0.0,0.0,0,,,,,,2008-04-30,,0.0,
406,External Lock Washer 5,LE-1400,False,False,1000,750,0.0,0.0,0,,,,,,2008-04-30,,0.0,
407,External Lock Washer 7,LE-3800,False,False,1000,750,0.0,0.0,0,,,,,,2008-04-30,,0.0,
408,External Lock Washer 6,LE-5160,False,False,1000,750,0.0,0.0,0,,,,,,2008-04-30,,0.0,
409,External Lock Washer 1,LE-6000,False,False,1000,750,0.0,0.0,0,,,,,,2008-04-30,,0.0,
410,External Lock Washer 8,LE-7160,False,False,1000,750,0.0,0.0,0,,,,,,2008-04-30,,0.0,
411,External Lock Washer 2,LE-8000,False,False,1000,750,0.0,0.0,0,,,,,,2008-04-30,,0.0,
412,Internal Lock Washer 3,LI-1000,False,False,1000,750,0.0,0.0,0,,,,,,2008-04-30,,0.0,
413,Internal Lock Washer 4,LI-1200,False,False,1000,750,0.0,0.0,0,,,,,,2008-04-30,,0.0,
414,Internal Lock Washer 9,LI-1201,False,False,1000,750,0.0,0.0,0,,,,,,2008-04-30,,0.0,
415,Internal Lock Washer 5,LI-1400,False,False,1000,750,0.0,0.0,0,,,,,,2008-04-30,,0.0,
416,Internal Lock Washer 7,LI-3800,False,False,1000,750,0.0,0.0,0,,,,,,2008-04-30,,0.0,
417,Internal Lock Washer 6,LI-5160,False,False,1000,750,0.0,0.0,0,,,,,,2008-04-30,,0.0,
418,Internal Lock Washer 10,LI-5800,False,False,1000,750,0.0,0.0,0,,,,,,2008-04-30,,0.0,
419,Internal Lock Washer 1,LI-6000,False,False,1000,750,0.0,0.0,0,,,,,,2008-04-30,,0.0,
420,Internal Lock Washer 8,LI-7160,False,False,1000,750,0.0,0.0,0,,,,,,2008-04-30,,0.0,
421,Internal Lock Washer 2,LI-8000,False,False,1000,750,0.0,0.0,0,,,,,,2008-04-30,,0.0,
422,Thin-Jam Lock Nut 9,LJ-1213,False,False,1000,750,0.0,0.0,0,,,,,,2008-04-30,,0.0,
423,Thin-Jam Lock Nut 10,LJ-1220,False,False,1000,750,0.0,0.0,0,,,,,,2008-04-30,,0.0,
424,Thin-Jam Lock Nut 1,LJ-1420,False,False,1000,750,0.0,0.0,0,,,,,,2008-04-30,,0.0,
425,Thin-Jam Lock Nut 2,LJ-1428,False,False,1000,750,0.0,0.0,0,,,,,,2008-04-30,,0.0,
426,Thin-Jam Lock Nut 15,LJ-3410,False,False,1000,750,0.0,0.0,0,,,,,,2008-04-30,,0.0,
427,Thin-Jam Lock Nut 16,LJ-3416,False,False,1000,750,0.0,0.0,0,,,,,,2008-04-30,,0.0,
428,Thin-Jam Lock Nut 5,LJ-3816,False,False,1000,750,0.0,0.0,0,,,,,,2008-04-30,,0.0,
429,Thin-Jam Lock Nut 6,LJ-3824,False,False,1000,750,0.0,0.0,0,,,,,,2008-04-30,,0.0,
430,Thin-Jam Lock Nut 3,LJ-5161,False,False,1000,750,0.0,0.0,0,,,,,,2008-04-30,,0.0,
431,Thin-Jam Lock Nut 4,LJ-5162,False,False,1000,750,0.0,0.0,0,,,,,,2008-04-30,,0.0,
432,Thin-Jam Lock Nut 13,LJ-5811,False,False,1000,750,0.0,0.0,0,,,,,,2008-04-30,,0.0,
433,Thin-Jam Lock Nut 14,LJ-5818,False,False,1000,750,0.0,0.0,0,,,,,,2008-04-30,,0.0,
434,Thin-Jam Lock Nut 7,LJ-7161,False,False,1000,750,0.0,0.0,0,,,,,,2008-04-30,,0.0,
435,Thin-Jam Lock Nut 8,LJ-7162,False,False,1000,750,0.0,0.0,0,,,,,,2008-04-30,,0.0,
436,Thin-Jam Lock Nut 12,LJ-9080,False,False,1000,750,0.0,0.0,0,,,,,,2008-04-30,,0.0,
437,Thin-Jam Lock Nut 11,LJ-9161,False,False,1000,750,0.0,0.0,0,,,,,,2008-04-30,,0.0,
438,Lock Nut 5,LN-1024,False,False,1000,750,0.0,0.0,0,,,,,,2008-04-30,,0.0,
439,Lock Nut 6,LN-1032,False,False,1000,750,0.0,0.0,0,,,,,,2008-04-30,,0.0,
440,Lock Nut 16,LN-1213,False,False,1000,750,0.0,0.0,0,,,,,,2008-04-30,,0.0,
441,Lock Nut 17,LN-1220,False,False,1000,750,0.0,0.0,0,,,,,,2008-04-30,,0.0,
442,Lock Nut 7,LN-1224,False,False,1000,750,0.0,0.0,0,,,,,,2008-04-30,,0.0,
443,Lock Nut 8,LN-1420,False,False,1000,750,0.0,0.0,0,,,,,,2008-04-30,,0.0,
444,Lock Nut 9,LN-1428,False,False,1000,750,0.0,0.0,0,,,,,,2008-04-30,,0.0,
445,Lock Nut 22,LN-3410,False,False,1000,750,0.0,0.0,0,,,,,,2008-04-30,,0.0,
446,Lock Nut 23,LN-3416,False,False,1000,750,0.0,0.0,0,,,,,,2008-04-30,,0.0,
447,Lock Nut 12,LN-3816,False,False,1000,750,0.0,0.0,0,,,,,,2008-04-30,,0.0,
448,Lock Nut 13,LN-3824,False,False,1000,750,0.0,0.0,0,,,,,,2008-04-30,,0.0,
449,Lock Nut 1,LN-4400,False,False,1000,750,0.0,0.0,0,,,,,,2008-04-30,,0.0,
450,Lock Nut 10,LN-5161,False,False,1000,750,0.0,0.0,0,,,,,,2008-04-30,,0.0,
451,Lock Nut 11,LN-5162,False,False,1000,750,0.0,0.0,0,,,,,,2008-04-30,,0.0,
452,Lock Nut 2,LN-5400,False,False,1000,750,0.0,0.0,0,,,,,,2008-04-30,,0.0,
453,Lock Nut 20,LN-5811,False,False,1000,750,0.0,0.0,0,,,,,,2008-04-30,,0.0,
454,Lock Nut 21,LN-5818,False,False,1000,750,0.0,0.0,0,,,,,,2008-04-30,,0.0,
455,Lock Nut 3,LN-6320,False,False,1000,750,0.0,0.0,0,,,,,,2008-04-30,,0.0,
456,Lock Nut 14,LN-7161,False,False,1000,750,0.0,0.0,0,,,,,,2008-04-30,,0.0,
457,Lock Nut 15,LN-7162,False,False,1000,750,0.0,0.0,0,,,,,,2008-04-30,,0.0,
458,Lock Nut 4,LN-8320,False,False,1000,750,0.0,0.0,0,,,,,,2008-04-30,,0.0,
459,Lock Nut 19,LN-9080,False,False,1000,750,0.0,0.0,0,,,,,,2008-04-30,,0.0,
460,Lock Nut 18,LN-9161,False,False,1000,750,0.0,0.0,0,,,,,,2008-04-30,,0.0,
461,Lock Ring,LR-2398,False,False,1000,750,0.0,0.0,0,,,,,,2008-04-30,,0.0,
462,Lower Head Race,LR-8520,False,False,1000,750,0.0,0.0,0,,,,,,2008-04-30,,0.0,
463,Lock Washer 4,LW-1000,False,False,1000,750,0.0,0.0,0,,,,,,2008-04-30,,0.0,
464,Lock Washer 5,LW-1200,False,False,1000,750,0.0,0.0,0,,,,,,2008-04-30,,0.0,
465,Lock Washer 10,LW-1201,False,False,1000,750,0.0,0.0,0,,,,,,2008-04-30,,0.0,
466,Lock Washer 6,LW-1400,False,False,1000,750,0.0,0.0,0,,,,,,2008-04-30,,0.0,
467,Lock Washer 13,LW-3400,False,False,1000,750,0.0,0.0,0,,,,,,2008-04-30,,0.0,
468,Lock Washer 8,LW-3800,False,False,1000,750,0.0,0.0,0,,,,,,2008-04-30,,0.0,
469,Lock Washer 1,LW-4000,False,False,1000,750,0.0,0.0,0,,,,,,2008-04-30,,0.0,
470,Lock Washer 7,LW-5160,False,False,1000,750,0.0,0.0,0,,,,,,2008-04-30,,0.0,
471,Lock Washer 12,LW-5800,False,False,1000,750,0.0,0.0,0,,,,,,2008-04-30,,0.0,
472,Lock Washer 2,LW-6000,False,False,1000,750,0.0,0.0,0,,,,,,2008-04-30,,0.0,
473,Lock Washer 9,LW-7160,False,False,1000,750,0.0,0.0,0,,,,,,2008-04-30,,0.0,
474,Lock Washer 3,LW-8000,False,False,1000,750,0.0,0.0,0,,,,,,2008-04-30,,0.0,
475,Lock Washer 11,LW-9160,False,False,1000,750,0.0,0.0,0,,,,,,2008-04-30,,0.0,
476,Metal Angle,MA-7075,False,False,1000,750,0.0,0.0,0,,,,,,2008-04-30,,0.0,
477,Metal Bar 1,MB-2024,False,False,1000,750,0.0,0.0,0,,,,,,2008-04-30,,0.0,
478,Metal Bar 2,MB-6061,False,False,1000,750,0.0,0.0,0,,,,,,2008-04-30,,0.0,
479,Metal Plate 2,MP-2066,False,False,1000,750,0.0,0.0,0,,,,,,2008-04-30,,0.0,
480,Metal Plate 1,MP-2503,False,False,1000,750,0.0,0.0,0,,,,,,2008-04-30,,0.0,
481,Metal Plate 3,MP-4960,False,False,1000,750,0.0,0.0,0,,,,,,2008-04-30,,0.0,
482,Metal Sheet 2,MS-0253,False,False,1000,750,0.0,0.0,0,,,,,,2008-04-30,,0.0,
483,Metal Sheet 3,MS-1256,False,False,1000,750,0.0,0.0,0,,,,,,2008-04-30,,0.0,
484,Metal Sheet 7,MS-1981,False,False,1000,750,0.0,0.0,0,,,,,,2008-04-30,,0.0,
485,Metal Sheet 4,MS-2259,False,False,1000,750,0.0,0.0,0,,,,,,2008-04-30,,0.0,
486,Metal Sheet 5,MS-2341,False,False,1000,750,0.0,0.0,0,,,,,,2008-04-30,,0.0,
487,Metal Sheet 6,MS-2348,False,False,1000,750,0.0,0.0,0,,,,,,2008-04-30,,0.0,
488,Metal Sheet 1,MS-6061,False,False,1000,750,0.0,0.0,0,,,,,,2008-04-30,,0.0,
489,Metal Tread Plate,MT-1000,False,False,1000,750,0.0,0.0,0,,,,,,2008-04-30,,0.0,
490,LL Nipple,NI-4127,False,False,1000,750,0.0,0.0,0,,L ,,,,2008-04-30,,0.0,
491,HL Nipple,NI-9522,False,False,1000,750,0.0,0.0,0,,,,,,2008-04-30,,0.0,
492,Paint - Black,PA-187B,False,False,60,45,0.0,0.0,0,,,,,,2008-04-30,,0.0,
493,Paint - Red,PA-361R,False,False,60,45,0.0,0.0,0,,,,,,2008-04-30,,0.0,
494,Paint - Silver,PA-529S,False,False,60,45,0.0,0.0,0,,,,,,2008-04-30,,0.0,
495,Paint - Blue,PA-632U,False,False,60,45,0.0,0.0,0,,,,,,2008-04-30,,0.0,
496,Paint - Yellow,PA-823Y,False,False,60,45,0.0,0.0,0,,,,,,2008-04-30,,0.0,
497,Pinch Bolt,PB-6109,False,False,1000,750,0.0,0.0,0,,,,,,2008-04-30,,0.0,
504,Cup-Shaped Race,RA-2345,False,False,1000,750,0.0,0.0,0,,,,,,2008-04-30,,0.0,
505,Cone-Shaped Race,RA-7490,False,False,1000,750,0.0,0.0,0,,,,,,2008-04-30,,0.0,
506,Reflector,RF-9198,False,False,1000,750,0.0,0.0,0,,,,,,2008-04-30,,0.0,
507,LL Mountain Rim,RM-M464,False,False,800,600,0.0,0.0,0,,L ,,,,2008-04-30,,0.0,
508,ML Mountain Rim,RM-M692,False,False,800,600,0.0,0.0,0,,M ,,,,2008-04-30,,0.0,
509,HL Mountain Rim,RM-M823,False,False,800,600,0.0,0.0,0,,,,,,2008-04-30,,0.0,
510,LL Road Rim,RM-R436,False,False,800,600,0.0,0.0,0,,L ,,,,2008-04-30,,0.0,
511,ML Road Rim,RM-R600,False,False,800,600,0.0,0.0,0,,M ,,,,2008-04-30,,0.0,
512,HL Road Rim,RM-R800,False,False,800,600,0.0,0.0,0,,,,,,2008-04-30,,0.0,
513,Touring Rim,RM-T801,False,False,800,600,0.0,0.0,0,,,,,,2008-04-30,,0.0,
514,LL Mountain Seat Assembly,SA-M198,True,False,500,375,98.77,133.34,1,,L ,,,,2008-04-30,,34.57000000000001,25.926203689815512
515,ML Mountain Seat Assembly,SA-M237,True,False,500,375,108.99,147.14,1,,M ,,,,2008-04-30,,38.14999999999999,25.927687916270216
516,HL Mountain Seat Assembly,SA-M687,True,False,500,375,145.87,196.92,1,,,,,,2008-04-30,,51.04999999999998,25.924233191143603
517,LL Road Seat Assembly,SA-R127,True,False,500,375,98.77,133.34,1,,L ,,,,2008-04-30,,34.57000000000001,25.926203689815512
518,ML Road Seat Assembly,SA-R430,True,False,500,375,108.99,147.14,1,,M ,,,,2008-04-30,,38.14999999999999,25.927687916270216
519,HL Road Seat Assembly,SA-R522,True,False,500,375,145.87,196.92,1,,,,,,2008-04-30,,51.04999999999998,25.924233191143603
520,LL Touring Seat Assembly,SA-T467,True,False,500,375,98.77,133.34,1,,L ,,,,2008-04-30,,34.57000000000001,25.926203689815512
521,ML Touring Seat Assembly,SA-T612,True,False,500,375,108.99,147.14,1,,M ,,,,2008-04-30,,38.14999999999999,25.927687916270216
522,HL Touring Seat Assembly,SA-T872,True,False,500,375,145.87,196.92,1,,,,,,2008-04-30,,51.04999999999998,25.924233191143603
523,LL Spindle/Axle,SD-2342,False,False,500,375,0.0,0.0,0,,L ,,,,2008-04-30,,0.0,
524,HL Spindle/Axle,SD-9872,False,False,500,375,0.0,0.0,0,,,,,,2008-04-30,,0.0,
525,LL Shell,SH-4562,False,False,800,600,0.0,0.0,0,,L ,,,,2008-04-30,,0.0,
526,HL Shell,SH-9312,False,False,800,600,0.0,0.0,0,,,,,,2008-04-30,,0.0,
527,Spokes,SK-9283,False,False,1000,750,0.0,0.0,0,,,,,,2008-04-30,,0.0,
528,Seat Lug,SL-0931,False,False,1000,750,0.0,0.0,0,,,,,,2008-04-30,,0.0,
529,Stem,SM-9087,True,False,500,375,0.0,0.0,1,,,,,,2008-04-30,,0.0,
530,Seat Post,SP-2981,False,False,500,375,0.0,0.0,0,,,,,,2008-04-30,,0.0,
531,Steerer,SR-2098,True,False,500,375,0.0,0.0,1,,,,,,2008-04-30,,0.0,
532,Seat Stays,SS-2985,True,False,800,600,0.0,0.0,1,,,,,,2008-04-30,,0.0,
533,Seat Tube,ST-9828,True,False,500,375,0.0,0.0,1,,,,,,2008-04-30,,0.0,
534,Top Tube,TO-2301,True,False,500,375,0.0,0.0,1,,,,,,2008-04-30,,0.0,
535,Tension Pulley,TP-0923,False,False,800,600,0.0,0.0,0,,,,,,2008-04-30,,0.0,
679,Rear Derailleur Cage,RC-0291,False,False,500,375,0.0,0.0,0,,,,,,2008-04-30,,0.0,
680,"HL Road Frame - Black, 58",FR-R92B-58,True,True,500,375,1059.31,1431.5,1,R ,H ,U ,14.0,6.0,2008-04-30,,372.19000000000005,26.000000000000007
706,"HL Road Frame - Red, 58",FR-R92R-58,True,True,500,375,1059.31,1431.5,1,R ,H ,U ,14.0,6.0,2008-04-30,,372.19000000000005,26.000000000000007
707,"Sport-100 Helmet, Red",HL-U509-R,False,True,4,3,13.0863,34.99,0,S ,,,31.0,33.0,2011-05-31,,21.9037,62.59988568162333
708,"Sport-100 Helmet, Black",HL-U509,False,True,4,3,13.0863,34.99,0,S ,,,31.0,33.0,2011-05-31,,21.9037,62.59988568162333
709,"Mountain Bike Socks, M",SO-B909-M,False,True,4,3,3.3963,9.5,0,M ,,U ,23.0,18.0,2011-05-31,2012-05-29,6.1037,64.24947368421053
710,"Mountain Bike Socks, L",SO-B909-L,False,True,4,3,3.3963,9.5,0,M ,,U ,23.0,18.0,2011-05-31,2012-05-29,6.1037,64.24947368421053
711,"Sport-100 Helmet, Blue",HL-U509-B,False,True,4,3,13.0863,34.99,0,S ,,,31.0,33.0,2011-05-31,,21.9037,62.59988568162333
712,AWC Logo Cap,CA-1098,False,True,4,3,6.9223,8.99,0,S ,,U ,19.0,2.0,2011-05-31,,2.0677000000000003,23.000000000000004
713,"Long-Sleeve Logo Jersey, S",LJ-0192-S,False,True,4,3,38.4923,49.99,0,S ,,U ,21.0,11.0,2011-05-31,,11.497700000000002,23.000000000000004
714,"Long-Sleeve Logo Jersey, M",LJ-0192-M,False,True,4,3,38.4923,49.99,0,S ,,U ,21.0,11.0,2011-05-31,,11.497700000000002,23.000000000000004
715,"Long-Sleeve Logo Jersey, L",LJ-0192-L,False,True,4,3,38.4923,49.99,0,S ,,U ,21.0,11.0,2011-05-31,,11.497700000000002,23.000000000000004
716,"Long-Sleeve Logo Jersey, XL",LJ-0192-X,False,True,4,3,38.4923,49.99,0,S ,,U ,21.0,11.0,2011-05-31,,11.497700000000002,23.000000000000004
717,"HL Road Frame - Red, 62",FR-R92R-62,True,True,500,375,868.6342,1431.5,1,R ,H ,U ,14.0,6.0,2011-05-31,,562.8658,39.32000000000001
718,"HL Road Frame - Red, 44",FR-R92R-44,True,True,500,375,868.6342,1431.5,1,R ,H ,U ,14.0,6.0,2011-05-31,,562.8658,39.32000000000001
719,"HL Road Frame - Red, 48",FR-R92R-48,True,True,500,375,868.6342,1431.5,1,R ,H ,U ,14.0,6.0,2011-05-31,,562.8658,39.32000000000001
720,"HL Road Frame - Red, 52",FR-R92R-52,True,True,500,375,868.6342,1431.5,1,R ,H ,U ,14.0,6.0,2011-05-31,,562.8658,39.32000000000001
721,"HL Road Frame - Red, 56",FR-R92R-56,True,True,500,375,868.6342,1431.5,1,R ,H ,U ,14.0,6.0,2011-05-31,,562.8658,39.32000000000001
722,"LL Road Frame - Black, 58",FR-R38B-58,True,True,500,375,204.6251,337.22,1,R ,L ,U ,14.0,9.0,2011-05-31,,132.59490000000002,39.319998813830736
723,"LL Road Frame - Black, 60",FR-R38B-60,True,True,500,375,204.6251,337.22,1,R ,L ,U ,14.0,9.0,2011-05-31,,132.59490000000002,39.319998813830736
724,"LL Road Frame - Black, 62",FR-R38B-62,True,True,500,375,204.6251,337.22,1,R ,L ,U ,14.0,9.0,2011-05-31,,132.59490000000002,39.319998813830736
725,"LL Road Frame - Red, 44",FR-R38R-44,True,True,500,375,187.1571,337.22,1,R ,L ,U ,14.0,9.0,2011-05-31,2013-05-29,150.0629,44.5
726,"LL Road Frame - Red, 48",FR-R38R-48,True,True,500,375,187.1571,337.22,1,R ,L ,U ,14.0,9.0,2011-05-31,2013-05-29,150.0629,44.5
727,"LL Road Frame - Red, 52",FR-R38R-52,True,True,500,375,187.1571,337.22,1,R ,L ,U ,14.0,9.0,2011-05-31,2013-05-29,150.0629,44.5
728,"LL Road Frame - Red, 58",FR-R38R-58,True,True,500,375,187.1571,337.22,1,R ,L ,U ,14.0,9.0,2011-05-31,2013-05-29,150.0629,44.5
729,"LL Road Frame - Red, 60",FR-R38R-60,True,True,500,375,187.1571,337.22,1,R ,L ,U ,14.0,9.0,2011-05-31,2013-05-29,150.0629,44.5
730,"LL Road Frame - Red, 62",FR-R38R-62,True,True,500,375,187.1571,337.22,1,R ,L ,U ,14.0,9.0,2011-05-31,2013-05-29,150.0629,44.5
731,"ML Road Frame - Red, 44",FR-R72R-44,True,True,500,375,352.1394,594.83,1,R ,M ,U ,14.0,16.0,2011-05-31,2012-05-29,242.69060000000002,40.7999932753896
732,"ML Road Frame - Red, 48",FR-R72R-48,True,True,500,375,352.1394,594.83,1,R ,M ,U ,14.0,16.0,2011-05-31,2012-05-29,242.69060000000002,40.7999932753896
733,"ML Road Frame - Red, 52",FR-R72R-52,True,True,500,375,352.1394,594.83,1,R ,M ,U ,14.0,16.0,2011-05-31,2012-05-29,242.69060000000002,40.7999932753896
734,"ML Road Frame - Red, 58",FR-R72R-58,True,True,500,375,352.1394,594.83,1,R ,M ,U ,14.0,16.0,2011-05-31,2012-05-29,242.69060000000002,40.7999932753896
735,"ML Road Frame - Red, 60",FR-R72R-60,True,True,500,375,352.1394,594.83,1,R ,M ,U ,14.0,16.0,2011-05-31,2012-05-29,242.69060000000002,40.7999932753896
736,"LL Road Frame - Black, 44",FR-R38B-44,True,True,500,375,204.6251,337.22,1,R ,L ,U ,14.0,9.0,2011-05-31,,132.59490000000002,39.319998813830736
737,"LL Road Frame - Black, 48",FR-R38B-48,True,True,500,375,204.6251,337.22,1,R ,L ,U ,14.0,9.0,2011-05-31,,132.59490000000002,39.319998813830736
738,"LL Road Frame - Black, 52",FR-R38B-52,True,True,500,375,204.6251,337.22,1,R ,L ,U ,14.0,9.0,2011-05-31,,132.59490000000002,39.319998813830736
739,"HL Mountain Frame - Silver, 42",FR-M94S-42,True,True,500,375,747.2002,1364.5,1,M ,H ,U ,12.0,5.0,2011-05-31,,617.2998,45.24
740,"HL Mountain Frame - Silver, 44",FR-M94S-44,True,True,500,375,706.811,1364.5,1,M ,H ,U ,12.0,5.0,2011-05-31,2012-05-29,657.689,48.199999999999996
741,"HL Mountain Frame - Silver, 48",FR-M94S-52,True,True,500,375,706.811,1364.5,1,M ,H ,U ,12.0,5.0,2011-05-31,2012-05-29,657.689,48.199999999999996
742,"HL Mountain Frame - Silver, 46",FR-M94S-46,True,True,500,375,747.2002,1364.5,1,M ,H ,U ,12.0,5.0,2011-05-31,,617.2998,45.24
743,"HL Mountain Frame - Black, 42",FR-M94B-42,True,True,500,375,739.041,1349.6,1,M ,H ,U ,12.0,5.0,2011-05-31,,610.5589999999999,45.239997036158854
744,"HL Mountain Frame - Black, 44",FR-M94B-44,True,True,500,375,699.0928,1349.6,1,M ,H ,U ,12.0,5.0,2011-05-31,2012-05-29,650.5071999999999,48.199999999999996
745,"HL Mountain Frame - Black, 48",FR-M94B-48,True,True,500,375,699.0928,1349.6,1,M ,H ,U ,12.0,5.0,2011-05-31,2012-05-29,650.5071999999999,48.199999999999996
746,"HL Mountain Frame - Black, 46",FR-M94B-46,True,True,500,375,739.041,1349.6,1,M ,H ,U ,12.0,5.0,2011-05-31,,610.5589999999999,45.239997036158854
747,"HL Mountain Frame - Black, 38",FR-M94B-38,True,True,500,375,739.041,1349.6,2,M ,H ,U ,12.0,5.0,2011-05-31,,610.5589999999999,45.239997036158854
748,"HL Mountain Frame - Silver, 38",FR-M94S-38,True,True,500,375,747.2002,1364.5,2,M ,H ,U ,12.0,5.0,2011-05-31,,617.2998,45.24
749,"Road-150 Red, 62",BK-R93R-62,True,True,100,75,2171.2942,3578.27,4,R ,H ,U ,2.0,25.0,2011-05-31,2012-05-29,1406.9758000000002,39.32000100607277
750,"Road-150 Red, 44",BK-R93R-44,True,True,100,75,2171.2942,3578.27,4,R ,H ,U ,2.0,25.0,2011-05-31,2012-05-29,1406.9758000000002,39.32000100607277
751,"Road-150 Red, 48",BK-R93R-48,True,True,100,75,2171.2942,3578.27,4,R ,H ,U ,2.0,25.0,2011-05-31,2012-05-29,1406.9758000000002,39.32000100607277
752,"Road-150 Red, 52",BK-R93R-52,True,True,100,75,2171.2942,3578.27,4,R ,H ,U ,2.0,25.0,2011-05-31,2012-05-29,1406.9758000000002,39.32000100607277
753,"Road-150 Red, 56",BK-R93R-56,True,True,100,75,2171.2942,3578.27,4,R ,H ,U ,2.0,25.0,2011-05-31,2012-05-29,1406.9758000000002,39.32000100607277
754,"Road-450 Red, 58",BK-R68R-58,True,True,100,75,884.7083,1457.99,4,R ,M ,U ,2.0,28.0,2011-05-31,2012-05-29,573.2817,39.320002194802434
755,"Road-450 Red, 60",BK-R68R-60,True,True,100,75,884.7083,1457.99,4,R ,M ,U ,2.0,28.0,2011-05-31,2012-05-29,573.2817,39.320002194802434
756,"Road-450 Red, 44",BK-R68R-44,True,True,100,75,884.7083,1457.99,4,R ,M ,U ,2.0,28.0,2011-05-31,2012-05-29,573.2817,39.320002194802434
757,"Road-450 Red, 48",BK-R68R-48,True,True,100,75,884.7083,1457.99,4,R ,M ,U ,2.0,28.0,2011-05-31,2012-05-29,573.2817,39.320002194802434
758,"Road-450 Red, 52",BK-R68R-52,True,True,100,75,884.7083,1457.99,4,R ,M ,U ,2.0,28.0,2011-05-31,2012-05-29,573.2817,39.320002194802434
759,"Road-650 Red, 58",BK-R50R-58,True,True,100,75,486.7066,782.99,4,R ,L ,U ,2.0,30.0,2011-05-31,2013-05-29,296.28340000000003,37.83999795655117
760,"Road-650 Red, 60",BK-R50R-60,True,True,100,75,486.7066,782.99,4,R ,L ,U ,2.0,30.0,2011-05-31,2013-05-29,296.28340000000003,37.83999795655117
761,"Road-650 Red, 62",BK-R50R-62,True,True,100,75,486.7066,782.99,4,R ,L ,U ,2.0,30.0,2011-05-31,2013-05-29,296.28340000000003,37.83999795655117
762,"Road-650 Red, 44",BK-R50R-44,True,True,100,75,486.7066,782.99,4,R ,L ,U ,2.0,30.0,2011-05-31,2013-05-29,296.28340000000003,37.83999795655117
763,"Road-650 Red, 48",BK-R50R-48,True,True,100,75,486.7066,782.99,4,R ,L ,U ,2.0,30.0,2011-05-31,2013-05-29,296.28340000000003,37.83999795655117
764,"Road-650 Red, 52",BK-R50R-52,True,True,100,75,486.7066,782.99,4,R ,L ,U ,2.0,30.0,2011-05-31,2013-05-29,296.28340000000003,37.83999795655117
765,"Road-650 Black, 58",BK-R50B-58,True,True,100,75,486.7066,782.99,4,R ,L ,U ,2.0,30.0,2011-05-31,2013-05-29,296.28340000000003,37.83999795655117
766,"Road-650 Black, 60",BK-R50B-60,True,True,100,75,486.7066,782.99,4,R ,L ,U ,2.0,30.0,2011-05-31,2013-05-29,296.28340000000003,37.83999795655117
767,"Road-650 Black, 62",BK-R50B-62,True,True,100,75,486.7066,782.99,4,R ,L ,U ,2.0,30.0,2011-05-31,2013-05-29,296.28340000000003,37.83999795655117
768,"Road-650 Black, 44",BK-R50B-44,True,True,100,75,486.7066,782.99,4,R ,L ,U ,2.0,30.0,2011-05-31,2013-05-29,296.28340000000003,37.83999795655117
769,"Road-650 Black, 48",BK-R50B-48,True,True,100,75,486.7066,782.99,4,R ,L ,U ,2.0,30.0,2011-05-31,2013-05-29,296.28340000000003,37.83999795655117
770,"Road-650 Black, 52",BK-R50B-52,True,True,100,75,486.7066,782.99,4,R ,L ,U ,2.0,30.0,2011-05-31,2013-05-29,296.28340000000003,37.83999795655117
771,"Mountain-100 Silver, 38",BK-M82S-38,True,True,100,75,1912.1544,3399.99,4,M ,H ,U ,1.0,19.0,2011-05-31,2012-05-29,1487.8355999999999,43.75999929411557
772,"Mountain-100 Silver, 42",BK-M82S-42,True,True,100,75,1912.1544,3399.99,4,M ,H ,U ,1.0,19.0,2011-05-31,2012-05-29,1487.8355999999999,43.75999929411557
773,"Mountain-100 Silver, 44",BK-M82S-44,True,True,100,75,1912.1544,3399.99,4,M ,H ,U ,1.0,19.0,2011-05-31,2012-05-29,1487.8355999999999,43.75999929411557
774,"Mountain-100 Silver, 48",BK-M82S-48,True,True,100,75,1912.1544,3399.99,4,M ,H ,U ,1.0,19.0,2011-05-31,2012-05-29,1487.8355999999999,43.75999929411557
775,"Mountain-100 Black, 38",BK-M82B-38,True,True,100,75,1898.0944,3374.99,4,M ,H ,U ,1.0,19.0,2011-05-31,2012-05-29,1476.8955999999998,43.75999928888678
776,"Mountain-100 Black, 42",BK-M82B-42,True,True,100,75,1898.0944,3374.99,4,M ,H ,U ,1.0,19.0,2011-05-31,2012-05-29,1476.8955999999998,43.75999928888678
777,"Mountain-100 Black, 44",BK-M82B-44,True,True,100,75,1898.0944,3374.99,4,M ,H ,U ,1.0,19.0,2011-05-31,2012-05-29,1476.8955999999998,43.75999928888678
778,"Mountain-100 Black, 48",BK-M82B-48,True,True,100,75,1898.0944,3374.99,4,M ,H ,U ,1.0,19.0,2011-05-31,2012-05-29,1476.8955999999998,43.75999928888678
779,"Mountain-200 Silver, 38",BK-M68S-38,True,True,100,75,1265.6195,2319.99,4,M ,H ,U ,1.0,20.0,2012-05-30,,1054.3704999999998,45.44720020344914
780,"Mountain-200 Silver, 42",BK-M68S-42,True,True,100,75,1265.6195,2319.99,4,M ,H ,U ,1.0,20.0,2012-05-30,,1054.3704999999998,45.44720020344914
781,"Mountain-200 Silver, 46",BK-M68S-46,True,True,100,75,1265.6195,2319.99,4,M ,H ,U ,1.0,20.0,2012-05-30,,1054.3704999999998,45.44720020344914
782,"Mountain-200 Black, 38",BK-M68B-38,True,True,100,75,1251.9813,2294.99,4,M ,H ,U ,1.0,20.0,2012-05-30,,1043.0086999999999,45.44720020566538
783,"Mountain-200 Black, 42",BK-M68B-42,True,True,100,75,1251.9813,2294.99,4,M ,H ,U ,1.0,20.0,2012-05-30,,1043.0086999999999,45.44720020566538
784,"Mountain-200 Black, 46",BK-M68B-46,True,True,100,75,1251.9813,2294.99,4,M ,H ,U ,1.0,20.0,2012-05-30,,1043.0086999999999,45.44720020566538
785,"Mountain-300 Black, 38",BK-M47B-38,True,True,100,75,598.4354,1079.99,4,M ,M ,U ,1.0,21.0,2012-05-30,2013-05-29,481.55460000000005,44.58880174816434
786,"Mountain-300 Black, 40",BK-M47B-40,True,True,100,75,598.4354,1079.99,4,M ,M ,U ,1.0,21.0,2012-05-30,2013-05-29,481.55460000000005,44.58880174816434
787,"Mountain-300 Black, 44",BK-M47B-44,True,True,100,75,598.4354,1079.99,4,M ,M ,U ,1.0,21.0,2012-05-30,2013-05-29,481.55460000000005,44.58880174816434
788,"Mountain-300 Black, 48",BK-M47B-48,True,True,100,75,598.4354,1079.99,4,M ,M ,U ,1.0,21.0,2012-05-30,2013-05-29,481.55460000000005,44.58880174816434
789,"Road-250 Red, 44",BK-R89R-44,True,True,100,75,1518.7864,2443.35,4,R ,H ,U ,2.0,26.0,2012-05-30,2013-05-29,924.5636,37.83999836290339
790,"Road-250 Red, 48",BK-R89R-48,True,True,100,75,1518.7864,2443.35,4,R ,H ,U ,2.0,26.0,2012-05-30,2013-05-29,924.5636,37.83999836290339
791,"Road-250 Red, 52",BK-R89R-52,True,True,100,75,1518.7864,2443.35,4,R ,H ,U ,2.0,26.0,2012-05-30,2013-05-29,924.5636,37.83999836290339
792,"Road-250 Red, 58",BK-R89R-58,True,True,100,75,1554.9479,2443.35,4,R ,H ,U ,2.0,26.0,2012-05-30,,888.4021,36.36000163709661
793,"Road-250 Black, 44",BK-R89B-44,True,True,100,75,1554.9479,2443.35,4,R ,H ,U ,2.0,26.0,2012-05-30,,888.4021,36.36000163709661
794,"Road-250 Black, 48",BK-R89B-48,True,True,100,75,1554.9479,2443.35,4,R ,H ,U ,2.0,26.0,2012-05-30,,888.4021,36.36000163709661
795,"Road-250 Black, 52",BK-R89B-52,True,True,100,75,1554.9479,2443.35,4,R ,H ,U ,2.0,26.0,2012-05-30,,888.4021,36.36000163709661
796,"Road-250 Black, 58",BK-R89B-58,True,True,100,75,1554.9479,2443.35,4,R ,H ,U ,2.0,26.0,2012-05-30,,888.4021,36.36000163709661
797,"Road-550-W Yellow, 38",BK-R64Y-38,True,True,100,75,713.0798,1120.49,4,R ,M ,W ,2.0,29.0,2012-05-30,,407.41020000000003,36.36000321288008
798,"Road-550-W Yellow, 40",BK-R64Y-40,True,True,100,75,713.0798,1120.49,4,R ,M ,W ,2.0,29.0,2012-05-30,,407.41020000000003,36.36000321288008
799,"Road-550-W Yellow, 42",BK-R64Y-42,True,True,100,75,713.0798,1120.49,4,R ,M ,W ,2.0,29.0,2012-05-30,,407.41020000000003,36.36000321288008
800,"Road-550-W Yellow, 44",BK-R64Y-44,True,True,100,75,713.0798,1120.49,4,R ,M ,W ,2.0,29.0,2012-05-30,,407.41020000000003,36.36000321288008
801,"Road-550-W Yellow, 48",BK-R64Y-48,True,True,100,75,713.0798,1120.49,4,R ,M ,W ,2.0,29.0,2012-05-30,,407.41020000000003,36.36000321288008
802,LL Fork,FK-1639,True,True,500,375,65.8097,148.22,1,,L ,,10.0,104.0,2012-05-30,2013-05-29,82.41029999999999,55.59998650654432
803,ML Fork,FK-5136,True,True,500,375,77.9176,175.49,1,,M ,,10.0,105.0,2012-05-30,2013-05-29,97.57240000000002,55.59997720667845
804,HL Fork,FK-9939,True,True,500,375,101.8936,229.49,1,,H ,,10.0,106.0,2012-05-30,2013-05-29,127.5964,55.59998257004663
805,LL Headset,HS-0296,True,True,500,375,15.1848,34.2,1,,L ,,11.0,59.0,2012-05-30,2013-05-29,19.015200000000004,55.60000000000001
806,ML Headset,HS-2451,True,True,500,375,45.4168,102.29,1,,M ,,11.0,60.0,2012-05-30,2013-05-29,56.873200000000004,55.599960895493204
807,HL Headset,HS-3479,True,True,500,375,55.3801,124.73,1,,H ,,11.0,61.0,2012-05-30,2013-05-29,69.3499,55.60001603463481
808,LL Mountain Handlebars,HB-M243,True,True,500,375,19.7758,44.54,1,M ,L ,,4.0,52.0,2012-05-30,,24.7642,55.59991019308487
809,ML Mountain Handlebars,HB-M763,True,True,500,375,27.4925,61.92,1,M ,M ,,4.0,54.0,2012-05-30,,34.4275,55.599967700258404
810,HL Mountain Handlebars,HB-M918,True,True,500,375,53.3999,120.27,1,M ,H ,,4.0,55.0,2012-05-30,,66.8701,55.59998337074914
811,LL Road Handlebars,HB-R504,True,True,500,375,19.7758,44.54,1,R ,L ,,4.0,56.0,2012-05-30,,24.7642,55.59991019308487
812,ML Road Handlebars,HB-R720,True,True,500,375,27.4925,61.92,1,R ,M ,,4.0,57.0,2012-05-30,,34.4275,55.599967700258404
813,HL Road Handlebars,HB-R956,True,True,500,375,53.3999,120.27,1,R ,H ,,4.0,58.0,2012-05-30,,66.8701,55.59998337074914
814,"ML Mountain Frame - Black, 38",FR-M63B-38,True,True,500,375,185.8193,348.76,2,M ,M ,U ,12.0,15.0,2012-05-30,2013-05-29,162.9407,46.72000802844363
815,LL Mountain Front Wheel,FW-M423,True,True,500,375,26.9708,60.745,1,M ,L ,,17.0,42.0,2012-05-30,2013-05-29,33.77419999999999,55.59996707547945
816,ML Mountain Front Wheel,FW-M762,True,True,500,375,92.8071,209.025,1,M ,M ,,17.0,45.0,2012-05-30,2013-05-29,116.2179,55.599999999999994
817,HL Mountain Front Wheel,FW-M928,True,True,500,375,133.2955,300.215,1,M ,H ,,17.0,46.0,2012-05-30,2013-05-29,166.91949999999997,55.59998667621537
818,LL Road Front Wheel,FW-R623,True,True,500,375,37.9909,85.565,1,R ,L ,,17.0,49.0,2012-05-30,2013-05-29,47.574099999999994,55.599953251913746
819,ML Road Front Wheel,FW-R762,True,True,500,375,110.2829,248.385,1,R ,M ,,17.0,50.0,2012-05-30,2013-05-29,138.1021,55.60001610403206
820,HL Road Front Wheel,FW-R820,True,True,500,375,146.5466,330.06,1,R ,H ,,17.0,51.0,2012-05-30,2013-05-29,183.5134,55.60001211900866
821,Touring Front Wheel,FW-T905,True,True,500,375,96.7964,218.01,1,T ,,,17.0,44.0,2012-05-30,2013-05-29,121.21359999999999,55.60001834778221
822,"ML Road Frame-W - Yellow, 38",FR-R72Y-38,True,True,500,375,360.9428,594.83,2,R ,M ,W ,14.0,17.0,2012-05-30,,233.88720000000006,39.320007397071436
823,LL Mountain Rear Wheel,RW-M423,True,True,500,375,38.9588,87.745,1,M ,L ,,17.0,123.0,2012-05-30,2013-05-29,48.78620000000001,55.59997720667845
824,ML Mountain Rear Wheel,RW-M762,True,True,500,375,104.7951,236.025,1,M ,M ,,17.0,124.0,2012-05-30,2013-05-29,131.2299,55.599999999999994
825,HL Mountain Rear Wheel,RW-M928,True,True,500,375,145.2835,327.215,1,M ,H ,,17.0,125.0,2012-05-30,2013-05-29,181.93149999999997,55.59998777562153
826,LL Road Rear Wheel,RW-R623,True,True,500,375,49.9789,112.565,1,R ,L ,,17.0,126.0,2012-05-30,2013-05-29,62.586099999999995,55.59996446497579
827,ML Road Rear Wheel,RW-R762,True,True,500,375,122.2709,275.385,1,R ,M ,,17.0,77.0,2012-05-30,2013-05-29,153.1141,55.60001452511938
828,HL Road Rear Wheel,RW-R820,True,True,500,375,158.5346,357.06,1,R ,H ,,17.0,78.0,2012-05-30,2013-05-29,198.5254,55.600011202599
829,Touring Rear Wheel,RW-T905,True,True,500,375,108.7844,245.01,1,T ,,,17.0,43.0,2012-05-30,2013-05-29,136.2256,55.600016325864246
830,"ML Mountain Frame - Black, 40",FR-M63B-40,True,True,500,375,185.8193,348.76,1,M ,M ,U ,12.0,14.0,2012-05-30,2013-05-29,162.9407,46.72000802844363
831,"ML Mountain Frame - Black, 44",FR-M63B-44,True,True,500,375,185.8193,348.76,1,M ,M ,U ,12.0,14.0,2012-05-30,2013-05-29,162.9407,46.72000802844363
832,"ML Mountain Frame - Black, 48",FR-M63B-48,True,True,500,375,185.8193,348.76,1,M ,M ,U ,12.0,14.0,2012-05-30,2013-05-29,162.9407,46.72000802844363
833,"ML Road Frame-W - Yellow, 40",FR-R72Y-40,True,True,500,375,360.9428,594.83,1,R ,M ,W ,14.0,17.0,2012-05-30,,233.88720000000006,39.320007397071436
834,"ML Road Frame-W - Yellow, 42",FR-R72Y-42,True,True,500,375,360.9428,594.83,1,R ,M ,W ,14.0,17.0,2012-05-30,,233.88720000000006,39.320007397071436
835,"ML Road Frame-W - Yellow, 44",FR-R72Y-44,True,True,500,375,360.9428,594.83,1,R ,M ,W ,14.0,17.0,2012-05-30,,233.88720000000006,39.320007397071436
836,"ML Road Frame-W - Yellow, 48",FR-R72Y-48,True,True,500,375,360.9428,594.83,1,R ,M ,W ,14.0,17.0,2012-05-30,,233.88720000000006,39.320007397071436
837,"HL Road Frame - Black, 62",FR-R92B-62,True,True,500,375,868.6342,1431.5,1,R ,H ,U ,14.0,6.0,2012-05-30,,562.8658,39.32000000000001
838,"HL Road Frame - Black, 44",FR-R92B-44,True,True,500,375,868.6342,1431.5,1,R ,H ,U ,14.0,6.0,2012-05-30,,562.8658,39.32000000000001
839,"HL Road Frame - Black, 48",FR-R92B-48,True,True,500,375,868.6342,1431.5,1,R ,H ,U ,14.0,6.0,2012-05-30,,562.8658,39.32000000000001
840,"HL Road Frame - Black, 52",FR-R92B-52,True,True,500,375,868.6342,1431.5,1,R ,H ,U ,14.0,6.0,2012-05-30,,562.8658,39.32000000000001
841,"Men's Sports Shorts, S",SH-M897-S,False,True,4,3,24.7459,59.99,0,S ,,M ,22.0,13.0,2012-05-30,2013-05-29,35.2441,58.74995832638773
842,"Touring-Panniers, Large",PA-T100,False,True,4,3,51.5625,125.0,0,T ,,,35.0,120.0,2012-05-30,2013-05-29,73.4375,58.75
843,Cable Lock,LO-C100,False,True,4,3,10.3125,25.0,0,S ,,,34.0,115.0,2012-05-30,2013-05-29,14.6875,58.75
844,Minipump,PU-0452,False,True,4,3,8.2459,19.99,0,S ,,,36.0,116.0,2012-05-30,2013-05-29,11.744099999999998,58.749874937468725
845,Mountain Pump,PU-M044,False,True,4,3,10.3084,24.99,0,M ,,,36.0,117.0,2012-05-30,2013-05-29,14.681599999999998,58.749899959983985
846,Taillights - Battery-Powered,LT-T990,False,True,4,3,5.7709,13.99,0,R ,,,33.0,108.0,2012-05-30,2013-05-29,8.219100000000001,58.74982130092924
847,Headlights - Dual-Beam,LT-H902,False,True,4,3,14.4334,34.99,0,R ,,,33.0,109.0,2012-05-30,2013-05-29,20.556600000000003,58.749928551014584
848,Headlights - Weatherproof,LT-H903,False,True,4,3,18.5584,44.99,0,R ,,,33.0,110.0,2012-05-30,2013-05-29,26.431600000000003,58.74994443209602
849,"Men's Sports Shorts, M",SH-M897-M,False,True,4,3,24.7459,59.99,0,S ,,M ,22.0,13.0,2012-05-30,2013-05-29,35.2441,58.74995832638773
850,"Men's Sports Shorts, L",SH-M897-L,False,True,4,3,24.7459,59.99,0,S ,,M ,22.0,13.0,2012-05-30,2013-05-29,35.2441,58.74995832638773
851,"Men's Sports Shorts, XL",SH-M897-X,False,True,4,3,24.7459,59.99,0,S ,,M ,22.0,13.0,2012-05-30,2013-05-29,35.2441,58.74995832638773
852,"Women's Tights, S",TG-W091-S,False,True,4,3,30.9334,74.99,0,S ,,W ,24.0,38.0,2012-05-30,2013-05-29,44.056599999999996,58.74996666222163
853,"Women's Tights, M",TG-W091-M,False,True,4,3,30.9334,74.99,0,S ,,W ,24.0,38.0,2012-05-30,2013-05-29,44.056599999999996,58.74996666222163
854,"Women's Tights, L",TG-W091-L,False,True,4,3,30.9334,74.99,0,S ,,W ,24.0,38.0,2012-05-30,2013-05-29,44.056599999999996,58.74996666222163
855,"Men's Bib-Shorts, S",SB-M891-S,False,True,4,3,37.1209,89.99,0,S ,,M ,18.0,12.0,2012-05-30,2013-05-29,52.869099999999996,58.74997221913546
856,"Men's Bib-Shorts, M",SB-M891-M,False,True,4,3,37.1209,89.99,0,S ,,M ,18.0,12.0,2012-05-30,2013-05-29,52.869099999999996,58.74997221913546
857,"Men's Bib-Shorts, L",SB-M891-L,False,True,4,3,37.1209,89.99,0,S ,,M ,18.0,12.0,2012-05-30,2013-05-29,52.869099999999996,58.74997221913546
858,"Half-Finger Gloves, S",GL-H102-S,False,True,4,3,9.1593,24.49,0,S ,,U ,20.0,4.0,2012-05-30,,15.330699999999998,62.59983666802776
859,"Half-Finger Gloves, M",GL-H102-M,False,True,4,3,9.1593,24.49,0,S ,,U ,20.0,4.0,2012-05-30,,15.330699999999998,62.59983666802776
860,"Half-Finger Gloves, L",GL-H102-L,False,True,4,3,9.1593,24.49,0,S ,,U ,20.0,4.0,2012-05-30,,15.330699999999998,62.59983666802776
861,"Full-Finger Gloves, S",GL-F110-S,False,True,4,3,15.6709,37.99,0,M ,,U ,20.0,3.0,2012-05-30,2013-05-29,22.319100000000002,58.749934193208745
862,"Full-Finger Gloves, M",GL-F110-M,False,True,4,3,15.6709,37.99,0,M ,,U ,20.0,3.0,2012-05-30,2013-05-29,22.319100000000002,58.749934193208745
863,"Full-Finger Gloves, L",GL-F110-L,False,True,4,3,15.6709,37.99,0,M ,,U ,20.0,3.0,2012-05-30,2013-05-29,22.319100000000002,58.749934193208745
864,"Classic Vest, S",VE-C304-S,False,True,4,3,23.749,63.5,0,S ,,U ,25.0,1.0,2013-05-30,,39.751000000000005,62.60000000000001
865,"Classic Vest, M",VE-C304-M,False,True,4,3,23.749,63.5,0,S ,,U ,25.0,1.0,2013-05-30,,39.751000000000005,62.60000000000001
866,"Classic Vest, L",VE-C304-L,False,True,4,3,23.749,63.5,0,S ,,U ,25.0,1.0,2013-05-30,,39.751000000000005,62.60000000000001
867,"Women's Mountain Shorts, S",SH-W890-S,False,True,4,3,26.1763,69.99,0,M ,,W ,22.0,37.0,2013-05-30,,43.8137,62.59994284897843
868,"Women's Mountain Shorts, M",SH-W890-M,False,True,4,3,26.1763,69.99,0,M ,,W ,22.0,37.0,2013-05-30,,43.8137,62.59994284897843
869,"Women's Mountain Shorts, L",SH-W890-L,False,True,4,3,26.1763,69.99,0,M ,,W ,22.0,37.0,2013-05-30,,43.8137,62.59994284897843
870,Water Bottle - 30 oz.,WB-H098,False,True,4,3,1.8663,4.99,0,S ,,,28.0,111.0,2013-05-30,,3.1237000000000004,62.59919839679359
871,Mountain Bottle Cage,BC-M005,False,True,4,3,3.7363,9.99,0,M ,,,28.0,112.0,2013-05-30,,6.2537,62.5995995995996
872,Road Bottle Cage,BC-R205,False,True,4,3,3.3623,8.99,0,R ,,,28.0,113.0,2013-05-30,,5.627700000000001,62.59955506117909
873,Patch Kit/8 Patches,PK-7098,False,True,4,3,0.8565,2.29,0,S ,,,37.0,114.0,2013-05-30,,1.4335,62.59825327510917
874,"Racing Socks, M",SO-R809-M,False,True,4,3,3.3623,8.99,0,R ,,U ,23.0,24.0,2013-05-30,,5.627700000000001,62.59955506117909
875,"Racing Socks, L",SO-R809-L,False,True,4,3,3.3623,8.99,0,R ,,U ,23.0,24.0,2013-05-30,,5.627700000000001,62.59955506117909
876,Hitch Rack - 4-Bike,RA-H123,False,True,4,3,44.88,120.0,0,S ,,,26.0,118.0,2013-05-30,,75.12,62.6
877,Bike Wash - Dissolver,CL-9009,False,True,4,3,2.9733,7.95,0,S ,,,29.0,119.0,2013-05-30,,4.9767,62.6
878,Fender Set - Mountain,FE-6654,False,True,4,3,8.2205,21.98,0,M ,,,30.0,121.0,2013-05-30,,13.759500000000001,62.600090991810745
879,All-Purpose Bike Stand,ST-1401,False,True,4,3,59.466,159.0,0,M ,,,27.0,122.0,2013-05-30,,99.53399999999999,62.6
880,Hydration Pack - 70 oz.,HY-1023-70,False,True,4,3,20.5663,54.99,0,S ,,,32.0,107.0,2013-05-30,,34.423700000000004,62.59992725950173
881,"Short-Sleeve Classic Jersey, S",SJ-0194-S,False,True,4,3,41.5723,53.99,0,S ,,U ,21.0,32.0,2013-05-30,,12.417700000000004,23.000000000000007
882,"Short-Sleeve Classic Jersey, M",SJ-0194-M,False,True,4,3,41.5723,53.99,0,S ,,U ,21.0,32.0,2013-05-30,,12.417700000000004,23.000000000000007
883,"Short-Sleeve Classic Jersey, L",SJ-0194-L,False,True,4,3,41.5723,53.99,0,S ,,U ,21.0,32.0,2013-05-30,,12.417700000000004,23.000000000000007
884,"Short-Sleeve Classic Jersey, XL",SJ-0194-X,False,True,4,3,41.5723,53.99,0,S ,,U ,21.0,32.0,2013-05-30,,12.417700000000004,23.000000000000007
885,"HL Touring Frame - Yellow, 60",FR-T98Y-60,True,True,500,375,601.7437,1003.91,1,T ,H ,U ,16.0,7.0,2013-05-30,,402.1663,40.05999541791595
886,"LL Touring Frame - Yellow, 62",FR-T67Y-62,True,True,500,375,199.8519,333.42,1,T ,L ,U ,16.0,10.0,2013-05-30,,133.56810000000002,40.060014396256975
887,"HL Touring Frame - Yellow, 46",FR-T98Y-46,True,True,500,375,601.7437,1003.91,1,T ,H ,U ,16.0,7.0,2013-05-30,,402.1663,40.05999541791595
888,"HL Touring Frame - Yellow, 50",FR-T98Y-50,True,True,500,375,601.7437,1003.91,1,T ,H ,U ,16.0,7.0,2013-05-30,,402.1663,40.05999541791595
889,"HL Touring Frame - Yellow, 54",FR-T98Y-54,True,True,500,375,601.7437,1003.91,1,T ,H ,U ,16.0,7.0,2013-05-30,,402.1663,40.05999541791595
890,"HL Touring Frame - Blue, 46",FR-T98U-46,True,True,500,375,601.7437,1003.91,1,T ,H ,U ,16.0,7.0,2013-05-30,,402.1663,40.05999541791595
891,"HL Touring Frame - Blue, 50",FR-T98U-50,True,True,500,375,601.7437,1003.91,1,T ,H ,U ,16.0,7.0,2013-05-30,,402.1663,40.05999541791595
892,"HL Touring Frame - Blue, 54",FR-T98U-54,True,True,500,375,601.7437,1003.91,1,T ,H ,U ,16.0,7.0,2013-05-30,,402.1663,40.05999541791595
893,"HL Touring Frame - Blue, 60",FR-T98U-60,True,True,500,375,601.7437,1003.91,1,T ,H ,U ,16.0,7.0,2013-05-30,,402.1663,40.05999541791595
894,Rear Derailleur,RD-2308,True,True,500,375,53.9282,121.46,1,,,,9.0,127.0,2013-05-30,,67.5318,55.60003293265273
895,"LL Touring Frame - Blue, 50",FR-T67U-50,True,True,500,375,199.8519,333.42,1,T ,L ,U ,16.0,10.0,2013-05-30,,133.56810000000002,40.060014396256975
896,"LL Touring Frame - Blue, 54",FR-T67U-54,True,True,500,375,199.8519,333.42,1,T ,L ,U ,16.0,10.0,2013-05-30,,133.56810000000002,40.060014396256975
897,"LL Touring Frame - Blue, 58",FR-T67U-58,True,True,500,375,199.8519,333.42,1,T ,L ,U ,16.0,10.0,2013-05-30,,133.56810000000002,40.060014396256975
898,"LL Touring Frame - Blue, 62",FR-T67U-62,True,True,500,375,199.8519,333.42,1,T ,L ,U ,16.0,10.0,2013-05-30,,133.56810000000002,40.060014396256975
899,"LL Touring Frame - Yellow, 44",FR-T67Y-44,True,True,500,375,199.8519,333.42,1,T ,L ,U ,16.0,10.0,2013-05-30,,133.56810000000002,40.060014396256975
900,"LL Touring Frame - Yellow, 50",FR-T67Y-50,True,True,500,375,199.8519,333.42,1,T ,L ,U ,16.0,10.0,2013-05-30,,133.56810000000002,40.060014396256975
901,"LL Touring Frame - Yellow, 54",FR-T67Y-54,True,True,500,375,199.8519,333.42,1,T ,L ,U ,16.0,10.0,2013-05-30,,133.56810000000002,40.060014396256975
902,"LL Touring Frame - Yellow, 58",FR-T67Y-58,True,True,500,375,199.8519,333.42,1,T ,L ,U ,16.0,10.0,2013-05-30,,133.56810000000002,40.060014396256975
903,"LL Touring Frame - Blue, 44",FR-T67U-44,True,True,500,375,199.8519,333.42,1,T ,L ,U ,16.0,10.0,2013-05-30,,133.56810000000002,40.060014396256975
904,"ML Mountain Frame-W - Silver, 40",FR-M63S-40,True,True,500,375,199.3757,364.09,1,M ,M ,W ,12.0,15.0,2013-05-30,,164.71429999999998,45.23999560548216
905,"ML Mountain Frame-W - Silver, 42",FR-M63S-42,True,True,500,375,199.3757,364.09,1,M ,M ,W ,12.0,15.0,2013-05-30,,164.71429999999998,45.23999560548216
906,"ML Mountain Frame-W - Silver, 46",FR-M63S-46,True,True,500,375,199.3757,364.09,1,M ,M ,W ,12.0,15.0,2013-05-30,,164.71429999999998,45.23999560548216
907,Rear Brakes,RB-9231,False,True,500,375,47.286,106.5,1,,,,6.0,128.0,2013-05-30,,59.214,55.599999999999994
908,LL Mountain Seat/Saddle,SE-M236,False,True,500,375,12.0413,27.12,1,M ,L ,,15.0,79.0,2013-05-30,,15.078700000000001,55.599926253687315
909,ML Mountain Seat/Saddle,SE-M798,False,True,500,375,17.3782,39.14,1,M ,M ,,15.0,80.0,2013-05-30,,21.7618,55.59989780275932
910,HL Mountain Seat/Saddle,SE-M940,False,True,500,375,23.3722,52.64,1,M ,H ,,15.0,81.0,2013-05-30,,29.2678,55.599924012158056
911,LL Road Seat/Saddle,SE-R581,False,True,500,375,12.0413,27.12,1,R ,L ,,15.0,82.0,2013-05-30,,15.078700000000001,55.599926253687315
912,ML Road Seat/Saddle,SE-R908,False,True,500,375,17.3782,39.14,1,T ,M ,,15.0,83.0,2013-05-30,,21.7618,55.59989780275932
913,HL Road Seat/Saddle,SE-R995,False,True,500,375,23.3722,52.64,1,R ,H ,,15.0,84.0,2013-05-30,,29.2678,55.599924012158056
914,LL Touring Seat/Saddle,SE-T312,False,True,500,375,12.0413,27.12,1,T ,L ,,15.0,66.0,2013-05-30,,15.078700000000001,55.599926253687315
915,ML Touring Seat/Saddle,SE-T762,False,True,500,375,17.3782,39.14,1,T ,M ,,15.0,65.0,2013-05-30,,21.7618,55.59989780275932
916,HL Touring Seat/Saddle,SE-T924,False,True,500,375,23.3722,52.64,1,T ,H ,,15.0,67.0,2013-05-30,,29.2678,55.599924012158056
917,"LL Mountain Frame - Silver, 42",FR-M21S-42,True,True,500,375,144.5938,264.05,1,M ,L ,U ,12.0,8.0,2013-05-30,,119.45620000000002,45.23999242567696
918,"LL Mountain Frame - Silver, 44",FR-M21S-44,True,True,500,375,144.5938,264.05,1,M ,L ,U ,12.0,8.0,2013-05-30,,119.45620000000002,45.23999242567696
919,"LL Mountain Frame - Silver, 48",FR-M21S-48,True,True,500,375,144.5938,264.05,1,M ,L ,U ,12.0,8.0,2013-05-30,,119.45620000000002,45.23999242567696
920,"LL Mountain Frame - Silver, 52",FR-M21S-52,True,True,500,375,144.5938,264.05,1,M ,L ,U ,12.0,8.0,2013-05-30,,119.45620000000002,45.23999242567696
921,Mountain Tire Tube,TT-M928,False,True,500,375,1.8663,4.99,0,M ,,,37.0,92.0,2013-05-30,,3.1237000000000004,62.59919839679359
922,Road Tire Tube,TT-R982,False,True,500,375,1.4923,3.99,0,R ,,,37.0,93.0,2013-05-30,,2.4977,62.59899749373433
923,Touring Tire Tube,TT-T092,False,True,500,375,1.8663,4.99,0,T ,,,37.0,94.0,2013-05-30,,3.1237000000000004,62.59919839679359
924,"LL Mountain Frame - Black, 42",FR-M21B-42,True,True,500,375,136.785,249.79,1,M ,L ,U ,12.0,8.0,2013-05-30,,113.005,45.24000160134513
925,"LL Mountain Frame - Black, 44",FR-M21B-44,True,True,500,375,136.785,249.79,1,M ,L ,U ,12.0,8.0,2013-05-30,,113.005,45.24000160134513
926,"LL Mountain Frame - Black, 48",FR-M21B-48,True,True,500,375,136.785,249.79,1,M ,L ,U ,12.0,8.0,2013-05-30,,113.005,45.24000160134513
927,"LL Mountain Frame - Black, 52",FR-M21B-52,True,True,500,375,136.785,249.79,1,M ,L ,U ,12.0,8.0,2013-05-30,,113.005,45.24000160134513
928,LL Mountain Tire,TI-M267,False,True,500,375,9.3463,24.99,0,M ,L ,,37.0,85.0,2013-05-30,,15.643699999999999,62.59983993597439
929,ML Mountain Tire,TI-M602,False,True,500,375,11.2163,29.99,0,M ,M ,,37.0,86.0,2013-05-30,,18.773699999999998,62.5998666222074
930,HL Mountain Tire,TI-M823,False,True,500,375,13.09,35.0,0,M ,H ,,37.0,87.0,2013-05-30,,21.91,62.6
931,LL Road Tire,TI-R092,False,True,500,375,8.0373,21.49,0,R ,L ,,37.0,88.0,2013-05-30,,13.452699999999998,62.59981386691484
932,ML Road Tire,TI-R628,False,True,500,375,9.3463,24.99,0,R ,M ,,37.0,89.0,2013-05-30,,15.643699999999999,62.59983993597439
933,HL Road Tire,TI-R982,False,True,500,375,12.1924,32.6,0,R ,H ,,37.0,90.0,2013-05-30,,20.407600000000002,62.6
934,Touring Tire,TI-T723,False,True,500,375,10.8423,28.99,0,T ,,,37.0,91.0,2013-05-30,,18.1477,62.599862021386684
935,LL Mountain Pedal,PD-M282,False,True,500,375,17.9776,40.49,1,M ,L ,,13.0,62.0,2013-05-30,,22.512400000000003,55.59990121017536
936,ML Mountain Pedal,PD-M340,False,True,500,375,27.568,62.09,1,M ,M ,,13.0,63.0,2013-05-30,,34.522000000000006,55.59993557738767
937,HL Mountain Pedal,PD-M562,False,True,500,375,35.9596,80.99,1,M ,H ,,13.0,64.0,2013-05-30,,45.03039999999999,55.599950611186564
938,LL Road Pedal,PD-R347,False,True,500,375,17.9776,40.49,1,R ,L ,,13.0,68.0,2013-05-30,,22.512400000000003,55.59990121017536
939,ML Road Pedal,PD-R563,False,True,500,375,27.568,62.09,1,R ,M ,,13.0,69.0,2013-05-30,,34.522000000000006,55.59993557738767
940,HL Road Pedal,PD-R853,False,True,500,375,35.9596,80.99,1,R ,H ,,13.0,70.0,2013-05-30,,45.03039999999999,55.599950611186564
941,Touring Pedal,PD-T852,False,True,500,375,35.9596,80.99,1,T ,,,13.0,53.0,2013-05-30,,45.03039999999999,55.599950611186564
942,"ML Mountain Frame-W - Silver, 38",FR-M63S-38,True,True,500,375,199.3757,364.09,2,M ,M ,W ,12.0,15.0,2013-05-30,,164.71429999999998,45.23999560548216
943,"LL Mountain Frame - Black, 40",FR-M21B-40,True,True,500,375,136.785,249.79,2,M ,L ,U ,12.0,8.0,2013-05-30,,113.005,45.24000160134513
944,"LL Mountain Frame - Silver, 40",FR-M21S-40,True,True,500,375,144.5938,264.05,2,M ,L ,U ,12.0,8.0,2013-05-30,,119.45620000000002,45.23999242567696
945,Front Derailleur,FD-2342,True,True,500,375,40.6216,91.49,1,,,,9.0,103.0,2013-05-30,,50.868399999999994,55.599956279374794
946,LL Touring Handlebars,HB-T721,True,True,500,375,20.464,46.09,1,T ,L ,,4.0,47.0,2013-05-30,,25.626000000000005,55.59991321327837
947,HL Touring Handlebars,HB-T928,True,True,500,375,40.6571,91.57,1,T ,H ,,4.0,48.0,2013-05-30,,50.91289999999999,55.599978158785625
948,Front Brakes,FB-9873,False,True,500,375,47.286,106.5,1,,,,6.0,102.0,2013-05-30,,59.214,55.599999999999994
949,LL Crankset,CS-4759,True,True,500,375,77.9176,175.49,1,,L ,,8.0,99.0,2013-05-30,,97.57240000000002,55.59997720667845
950,ML Crankset,CS-6583,True,True,500,375,113.8816,256.49,1,,M ,,8.0,100.0,2013-05-30,,142.60840000000002,55.5999844048501
951,HL Crankset,CS-9183,True,True,500,375,179.8156,404.99,1,,H ,,8.0,101.0,2013-05-30,,225.17440000000002,55.599990123212926
952,Chain,CH-0234,False,True,500,375,8.9866,20.24,1,,,,7.0,98.0,2013-05-30,,11.2534,55.59980237154151
953,"Touring-2000 Blue, 60",BK-T44U-60,True,True,100,75,755.1508,1214.85,4,T ,M ,U ,3.0,35.0,2013-05-30,,459.6991999999999,37.83999670741243
954,"Touring-1000 Yellow, 46",BK-T79Y-46,True,True,100,75,1481.9379,2384.07,4,T ,H ,U ,3.0,34.0,2013-05-30,,902.1321000000003,37.84000050334093
955,"Touring-1000 Yellow, 50",BK-T79Y-50,True,True,100,75,1481.9379,2384.07,4,T ,H ,U ,3.0,34.0,2013-05-30,,902.1321000000003,37.84000050334093
956,"Touring-1000 Yellow, 54",BK-T79Y-54,True,True,100,75,1481.9379,2384.07,4,T ,H ,U ,3.0,34.0,2013-05-30,,902.1321000000003,37.84000050334093
957,"Touring-1000 Yellow, 60",BK-T79Y-60,True,True,100,75,1481.9379,2384.07,4,T ,H ,U ,3.0,34.0,2013-05-30,,902.1321000000003,37.84000050334093
958,"Touring-3000 Blue, 54",BK-T18U-54,True,True,100,75,461.4448,742.35,4,T ,L ,U ,3.0,36.0,2013-05-30,,280.90520000000004,37.839994611706075
959,"Touring-3000 Blue, 58",BK-T18U-58,True,True,100,75,461.4448,742.35,4,T ,L ,U ,3.0,36.0,2013-05-30,,280.90520000000004,37.839994611706075
960,"Touring-3000 Blue, 62",BK-T18U-62,True,True,100,75,461.4448,742.35,4,T ,L ,U ,3.0,36.0,2013-05-30,,280.90520000000004,37.839994611706075
961,"Touring-3000 Yellow, 44",BK-T18Y-44,True,True,100,75,461.4448,742.35,4,T ,L ,U ,3.0,36.0,2013-05-30,,280.90520000000004,37.839994611706075
962,"Touring-3000 Yellow, 50",BK-T18Y-50,True,True,100,75,461.4448,742.35,4,T ,L ,U ,3.0,36.0,2013-05-30,,280.90520000000004,37.839994611706075
963,"Touring-3000 Yellow, 54",BK-T18Y-54,True,True,100,75,461.4448,742.35,4,T ,L ,U ,3.0,36.0,2013-05-30,,280.90520000000004,37.839994611706075
964,"Touring-3000 Yellow, 58",BK-T18Y-58,True,True,100,75,461.4448,742.35,4,T ,L ,U ,3.0,36.0,2013-05-30,,280.90520000000004,37.839994611706075
965,"Touring-3000 Yellow, 62",BK-T18Y-62,True,True,100,75,461.4448,742.35,4,T ,L ,U ,3.0,36.0,2013-05-30,,280.90520000000004,37.839994611706075
966,"Touring-1000 Blue, 46",BK-T79U-46,True,True,100,75,1481.9379,2384.07,4,T ,H ,U ,3.0,34.0,2013-05-30,,902.1321000000003,37.84000050334093
967,"Touring-1000 Blue, 50",BK-T79U-50,True,True,100,75,1481.9379,2384.07,4,T ,H ,U ,3.0,34.0,2013-05-30,,902.1321000000003,37.84000050334093
968,"Touring-1000 Blue, 54",BK-T79U-54,True,True,100,75,1481.9379,2384.07,4,T ,H ,U ,3.0,34.0,2013-05-30,,902.1321000000003,37.84000050334093
969,"Touring-1000 Blue, 60",BK-T79U-60,True,True,100,75,1481.9379,2384.07,4,T ,H ,U ,3.0,34.0,2013-05-30,,902.1321000000003,37.84000050334093
970,"Touring-2000 Blue, 46",BK-T44U-46,True,True,100,75,755.1508,1214.85,4,T ,M ,U ,3.0,35.0,2013-05-30,,459.6991999999999,37.83999670741243
971,"Touring-2000 Blue, 50",BK-T44U-50,True,True,100,75,755.1508,1214.85,4,T ,M ,U ,3.0,35.0,2013-05-30,,459.6991999999999,37.83999670741243
972,"Touring-2000 Blue, 54",BK-T44U-54,True,True,100,75,755.1508,1214.85,4,T ,M ,U ,3.0,35.0,2013-05-30,,459.6991999999999,37.83999670741243
973,"Road-350-W Yellow, 40",BK-R79Y-40,True,True,100,75,1082.51,1700.99,4,R ,M ,W ,2.0,27.0,2013-05-30,,618.48,36.360002116414556
974,"Road-350-W Yellow, 42",BK-R79Y-42,True,True,100,75,1082.51,1700.99,4,R ,M ,W ,2.0,27.0,2013-05-30,,618.48,36.360002116414556
975,"Road-350-W Yellow, 44",BK-R79Y-44,True,True,100,75,1082.51,1700.99,4,R ,M ,W ,2.0,27.0,2013-05-30,,618.48,36.360002116414556
976,"Road-350-W Yellow, 48",BK-R79Y-48,True,True,100,75,1082.51,1700.99,4,R ,M ,W ,2.0,27.0,2013-05-30,,618.48,36.360002116414556
977,"Road-750 Black, 58",BK-R19B-58,True,True,100,75,343.6496,539.99,4,R ,L ,U ,2.0,31.0,2013-05-30,,196.3404,36.36000666679012
978,"Touring-3000 Blue, 44",BK-T18U-44,True,True,100,75,461.4448,742.35,4,T ,L ,U ,3.0,36.0,2013-05-30,,280.90520000000004,37.839994611706075
979,"Touring-3000 Blue, 50",BK-T18U-50,True,True,100,75,461.4448,742.35,4,T ,L ,U ,3.0,36.0,2013-05-30,,280.90520000000004,37.839994611706075
980,"Mountain-400-W Silver, 38",BK-M38S-38,True,True,100,75,419.7784,769.49,4,M ,M ,W ,1.0,22.0,2013-05-30,,349.71160000000003,45.447192296196185
981,"Mountain-400-W Silver, 40",BK-M38S-40,True,True,100,75,419.7784,769.49,4,M ,M ,W ,1.0,22.0,2013-05-30,,349.71160000000003,45.447192296196185
982,"Mountain-400-W Silver, 42",BK-M38S-42,True,True,100,75,419.7784,769.49,4,M ,M ,W ,1.0,22.0,2013-05-30,,349.71160000000003,45.447192296196185
983,"Mountain-400-W Silver, 46",BK-M38S-46,True,True,100,75,419.7784,769.49,4,M ,M ,W ,1.0,22.0,2013-05-30,,349.71160000000003,45.447192296196185
984,"Mountain-500 Silver, 40",BK-M18S-40,True,True,100,75,308.2179,564.99,4,M ,L ,U ,1.0,23.0,2013-05-30,,256.7721,45.4471937556417
985,"Mountain-500 Silver, 42",BK-M18S-42,True,True,100,75,308.2179,564.99,4,M ,L ,U ,1.0,23.0,2013-05-30,,256.7721,45.4471937556417
986,"Mountain-500 Silver, 44",BK-M18S-44,True,True,100,75,308.2179,564.99,4,M ,L ,U ,1.0,23.0,2013-05-30,,256.7721,45.4471937556417
987,"Mountain-500 Silver, 48",BK-M18S-48,True,True,100,75,308.2179,564.99,4,M ,L ,U ,1.0,23.0,2013-05-30,,256.7721,45.4471937556417
988,"Mountain-500 Silver, 52",BK-M18S-52,True,True,100,75,308.2179,564.99,4,M ,L ,U ,1.0,23.0,2013-05-30,,256.7721,45.4471937556417
989,"Mountain-500 Black, 40",BK-M18B-40,True,True,100,75,294.5797,539.99,4,M ,L ,U ,1.0,23.0,2013-05-30,,245.4103,45.44719346654568
990,"Mountain-500 Black, 42",BK-M18B-42,True,True,100,75,294.5797,539.99,4,M ,L ,U ,1.0,23.0,2013-05-30,,245.4103,45.44719346654568
991,"Mountain-500 Black, 44",BK-M18B-44,True,True,100,75,294.5797,539.99,4,M ,L ,U ,1.0,23.0,2013-05-30,,245.4103,45.44719346654568
992,"Mountain-500 Black, 48",BK-M18B-48,True,True,100,75,294.5797,539.99,4,M ,L ,U ,1.0,23.0,2013-05-30,,245.4103,45.44719346654568
993,"Mountain-500 Black, 52",BK-M18B-52,True,True,100,75,294.5797,539.99,4,M ,L ,U ,1.0,23.0,2013-05-30,,245.4103,45.44719346654568
994,LL Bottom Bracket,BB-7421,True,True,500,375,23.9716,53.99,1,,L ,,5.0,95.0,2013-05-30,,30.018400000000003,55.599925912205975
995,ML Bottom Bracket,BB-8107,True,True,500,375,44.9506,101.24,1,,M ,,5.0,96.0,2013-05-30,,56.28939999999999,55.599960489924925
996,HL Bottom Bracket,BB-9108,True,True,500,375,53.9416,121.49,1,,H ,,5.0,97.0,2013-05-30,,67.54839999999999,55.59996707547945
997,"Road-750 Black, 44",BK-R19B-44,True,True,100,75,343.6496,539.99,4,R ,L ,U ,2.0,31.0,2013-05-30,,196.3404,36.36000666679012
998,"Road-750 Black, 48",BK-R19B-48,True,True,100,75,343.6496,539.99,4,R ,L ,U ,2.0,31.0,2013-05-30,,196.3404,36.36000666679012
999,"Road-750 Black, 52",BK-R19B-52,True,True,100,75,343.6496,539.99,4,R ,L ,U ,2.0,31.0,2013-05-30,,196.3404,36.36000666679012
